resp_id,item_01,item_02,item_03,item_04,item_05,item_06,item_07,item_08,item_09,item_10,item_11,item_12,item_13,item_14,item_15
1,1,1,1,0,1,1,0,1,1,1,1,1,1,1,1
2,1,1,0,0,0,1,0,1,0,0,1,0,1,1,1
3,1,1,0,0,0,1,0,1,1,0,1,1,0,1,1
4,1,0,1,0,1,0,1,1,1,0,1,1,0,1,0
5,1,1,0,0,0,1,1,0,1,1,1,0,0,1,1
6,1,1,0,0,0,1,0,1,0,1,1,0,0,1,1
7,1,1,1,0,0,1,1,1,1,1,1,1,1,1,1
8,0,0,0,0,0,0,0,1,1,0,1,0,0,1,0
9,0,1,0,0,0,1,0,0,1,0,1,1,0,1,1
10,1,1,0,1,1,1,0,1,1,0,1,1,1,1,1
11,1,1,0,0,0,1,0,0,0,0,1,1,0,0,1
12,1,0,0,0,1,0,0,0,1,0,1,0,0,1,0
13,1,1,0,0,1,0,1,1,1,0,1,0,0,1,0
14,1,1,0,0,0,1,0,1,1,0,1,1,0,0,1
15,1,1,0,0,1,1,0,1,1,0,1,0,0,1,0
16,1,1,0,0,1,1,0,1,1,0,1,1,0,1,1
17,1,1,0,1,1,1,1,1,1,0,1,1,1,1,1
18,1,1,0,0,0,1,1,0,0,0,1,0,0,0,1
19,0,0,0,0,0,0,0,1,1,1,1,1,1,1,0
20,1,1,0,1,1,1,1,1,1,0,1,0,0,1,1
21,0,1,0,0,0,0,0,0,0,0,1,1,0,1,0
22,1,1,0,0,0,1,1,1,0,0,1,0,0,1,1
23,1,0,0,1,1,0,0,1,1,0,1,1,1,1,0
24,0,0,0,0,0,0,0,0,1,0,0,0,1,1,0
25,0,0,0,1,0,0,1,1,0,1,0,1,0,1,0
26,1,1,0,0,1,1,1,1,1,1,1,1,1,1,1
27,1,1,1,1,1,0,0,1,1,1,1,1,1,1,0
28,1,1,0,0,0,1,0,1,0,0,1,0,0,1,1
29,1,1,1,1,1,1,1,1,1,1,1,1,1,1,1
30,1,1,1,0,1,1,0,1,0,0,1,0,0,1,1
31,1,1,1,1,1,1,0,1,1,0,1,1,1,1,1
32,1,1,0,0,0,1,0,1,1,1,1,1,1,1,1
33,1,1,1,0,1,1,0,1,1,0,1,1,0,1,1
34,0,0,0,0,0,0,0,1,0,0,1,0,0,0,0
35,1,1,0,1,1,1,0,1,1,1,1,1,1,1,1
36,0,1,0,0,0,0,0,1,0,0,1,0,0,1,1
37,1,1,1,1,1,1,0,1,1,1,1,1,1,1,1
38,1,0,0,1,0,0,0,1,1,1,1,1,1,1,0
39,0,0,0,0,0,0,0,1,1,1,1,1,1,1,0
40,1,1,1,0,1,1,1,1,1,0,1,1,0,1,1
41,0,0,0,0,0,0,0,1,0,1,1,0,0,0,1
42,1,1,0,0,1,1,1,1,1,1,1,1,1,1,1
43,1,0,0,0,1,1,0,1,0,0,1,0,0,0,0
44,0,0,0,0,0,0,0,0,0,0,1,0,0,1,0
45,1,1,0,0,1,0,0,1,1,1,1,1,1,1,1
46,1,1,1,1,1,1,0,1,1,1,1,1,1,1,0
47,1,0,0,0,1,1,0,0,1,0,1,1,1,1,1
48,1,1,0,1,1,1,1,1,1,1,1,0,1,1,1
49,0,0,0,0,0,0,0,1,1,1,0,0,0,1,0
50,1,1,0,0,1,1,0,1,1,0,1,1,0,0,1
51,1,1,0,0,1,1,0,1,1,0,1,1,1,1,1
52,1,1,0,0,0,1,0,1,1,1,1,1,1,1,1
53,1,1,1,0,1,0,0,1,1,1,1,1,1,1,1
54,0,1,0,0,0,0,0,1,1,1,0,1,1,1,0
55,0,1,0,1,1,0,0,1,1,0,1,1,1,1,0
56,1,1,0,1,1,1,1,1,1,1,1,1,1,1,1
57,0,0,0,0,0,1,0,1,1,1,0,1,1,1,0
58,1,1,1,0,0,1,0,1,1,0,1,1,0,1,1
59,0,0,0,0,0,0,1,1,1,0,0,0,1,1,0
60,0,0,0,1,1,0,1,1,1,1,0,0,1,1,0
61,1,0,0,0,0,0,0,0,0,1,0,0,0,1,0
62,1,1,0,0,1,0,1,1,1,1,1,0,1,1,1
63,1,0,0,0,1,1,1,1,1,0,1,0,0,1,0
64,1,1,0,0,1,1,1,1,1,1,1,0,0,1,0
65,0,1,0,0,0,1,0,0,1,1,1,1,1,0,1
66,1,0,0,0,1,1,0,1,1,1,1,1,1,1,1
67,0,1,0,0,0,0,0,1,0,0,0,1,1,1,0
68,0,1,0,0,0,1,0,1,1,0,0,0,0,1,0
69,0,1,0,0,0,1,0,1,0,0,1,0,0,1,1
70,0,1,0,0,0,1,0,1,0,0,1,1,0,1,1
71,1,1,0,0,1,1,0,1,1,1,1,1,0,1,1
72,1,1,0,0,1,1,1,1,1,0,1,1,0,1,1
73,0,0,0,0,0,0,1,0,0,0,0,0,0,0,0
74,0,0,0,1,1,0,0,1,1,1,1,0,1,1,0
75,0,1,0,0,0,1,0,0,1,1,1,1,0,1,1
76,1,1,0,0,1,0,0,0,1,0,0,1,0,0,0
77,0,0,0,0,0,0,0,1,0,0,1,0,0,1,0
78,1,1,0,0,0,1,0,0,0,0,1,0,0,1,1
79,0,1,0,1,1,1,0,1,1,1,1,0,1,1,0
80,1,1,1,0,0,1,0,1,0,0,1,1,0,1,1
81,0,0,0,0,0,0,0,1,1,0,0,0,0,0,0
82,0,1,0,0,0,0,0,1,1,0,0,0,0,1,1
83,1,0,0,0,1,1,1,0,0,1,1,1,0,0,1
84,1,1,0,0,0,1,0,1,1,1,1,1,1,1,1
85,1,1,0,0,1,1,0,1,1,1,1,0,1,1,0
86,1,1,0,0,0,1,0,1,0,1,1,1,0,1,1
87,1,1,0,0,1,1,0,1,1,1,1,1,0,1,1
88,1,1,0,0,0,0,0,0,0,0,1,0,0,1,1
89,1,1,1,1,1,0,1,1,1,1,1,1,1,1,1
90,1,1,0,0,0,0,0,0,1,0,1,1,1,1,1
91,0,0,0,0,1,0,0,0,0,0,0,0,0,1,0
92,1,1,0,1,0,1,0,0,1,1,1,1,1,1,1
93,1,1,0,0,1,1,1,1,1,0,1,0,0,1,1
94,1,1,1,1,1,1,0,1,1,0,1,1,1,1,1
95,1,1,1,0,0,1,1,1,1,1,1,1,0,1,1
96,1,1,0,1,1,1,0,1,1,0,1,1,1,1,1
97,0,1,0,0,0,0,0,1,0,0,0,1,0,0,0
98,1,1,0,1,0,0,0,1,1,1,1,0,1,1,1
99,1,1,0,0,1,1,1,1,1,0,1,1,0,1,1
100,1,1,0,1,1,1,1,1,1,0,1,1,1,1,1
101,1,1,1,0,1,1,1,1,1,1,1,1,0,1,1
102,0,1,0,0,0,0,1,0,0,0,1,1,0,0,1
103,1,0,0,0,1,1,0,1,1,1,1,0,0,1,0
104,1,1,1,0,1,0,1,1,1,0,1,1,0,1,1
105,1,1,0,0,0,1,0,1,0,0,1,1,0,1,1
106,1,1,0,0,0,1,0,1,0,0,1,0,0,1,1
107,1,0,0,0,1,0,1,1,1,1,1,0,1,1,0
108,1,1,0,0,1,1,0,1,1,1,1,1,1,1,1
109,0,1,0,0,0,0,1,0,1,0,0,1,0,1,1
110,1,0,1,1,0,1,1,1,1,1,1,1,1,1,1
111,1,1,0,0,1,1,1,1,1,0,1,1,0,1,1
112,1,1,0,0,1,1,1,1,1,1,1,0,0,1,1
113,0,0,0,0,0,0,0,0,0,0,0,0,0,0,1
114,1,1,0,0,0,0,0,1,0,0,1,0,0,0,1
115,0,1,0,0,0,1,0,0,1,0,0,0,0,0,1
116,0,1,0,0,0,0,0,0,1,0,0,0,0,0,1
117,1,0,0,0,1,0,0,1,1,1,1,0,1,1,0
118,1,1,0,0,1,0,1,1,1,1,1,1,1,1,0
119,1,1,0,1,1,1,1,1,1,1,1,0,1,1,1
120,0,1,1,0,0,0,0,1,1,0,0,0,0,0,0
121,1,1,0,0,0,1,0,1,1,0,0,1,0,1,1
122,1,1,1,1,1,1,0,1,1,1,1,1,1,1,1
123,1,1,0,0,0,1,1,1,1,0,1,1,0,1,1
124,1,1,0,1,1,1,1,1,1,1,1,1,1,1,1
125,0,1,0,0,1,0,0,1,0,1,1,0,1,0,0
126,1,1,0,1,1,1,0,1,1,1,1,1,1,1,0
127,1,1,0,0,1,1,0,1,1,0,1,0,0,1,1
128,1,1,1,0,1,0,1,1,1,0,1,1,0,1,0
129,1,1,1,0,1,1,0,1,1,0,1,1,0,1,1
130,0,0,0,0,0,1,0,1,0,0,1,1,1,0,1
131,1,1,0,1,1,1,1,1,1,0,1,1,1,1,1
132,0,0,0,0,1,1,0,1,1,0,1,0,0,1,0
133,1,1,0,0,1,0,0,1,1,1,1,1,1,1,0
134,1,1,0,0,1,1,1,1,1,0,1,1,1,1,1
135,1,1,0,0,1,0,0,1,1,1,1,1,1,1,0
136,1,1,0,0,1,1,0,1,0,0,1,1,0,1,1
137,0,1,0,0,0,0,1,1,1,1,0,1,1,1,0
138,1,0,0,1,1,0,1,1,1,1,1,0,1,1,0
139,1,1,1,0,1,0,1,1,0,0,1,0,1,1,0
140,1,1,0,0,1,1,0,1,1,1,1,1,1,1,1
141,1,1,0,0,1,1,0,1,1,1,1,1,1,1,1
142,1,1,0,1,1,1,0,1,1,1,1,1,1,1,1
143,1,1,0,0,0,1,0,0,0,1,1,1,0,1,1
144,1,1,0,0,1,1,0,0,1,1,1,1,1,0,0
145,0,0,0,0,1,0,0,0,1,0,0,1,0,0,1
146,0,1,0,0,0,0,1,1,1,1,1,1,0,1,0
147,0,0,0,0,0,0,1,1,0,0,0,1,0,0,0
148,1,1,0,0,1,0,0,1,1,1,1,1,0,1,0
149,1,1,0,0,0,1,1,0,0,0,1,1,0,1,1
150,0,1,0,1,0,0,1,1,1,0,1,0,0,0,0
151,1,1,0,0,0,1,0,1,1,0,1,0,0,1,1
152,0,1,0,0,0,0,0,1,1,0,0,0,0,1,0
153,0,1,1,1,1,0,0,1,1,1,1,1,1,1,1
154,1,1,1,1,1,1,1,1,1,0,1,1,0,1,1
155,1,1,0,0,0,1,0,1,0,0,1,0,1,1,1
156,1,1,1,0,1,1,0,1,1,0,1,1,0,1,1
157,1,1,0,0,1,1,0,1,0,0,1,1,1,0,1
158,1,1,0,0,0,0,1,0,0,0,1,1,1,1,1
159,1,1,0,0,1,1,1,1,1,0,1,0,0,1,1
160,1,1,0,1,1,1,0,1,1,1,1,1,0,1,1
161,0,0,0,0,0,1,0,0,0,0,1,0,0,1,0
162,1,1,1,0,1,1,0,1,0,0,1,0,0,0,1
163,1,1,0,1,1,1,0,1,1,1,1,1,1,1,1
164,0,1,0,0,0,0,0,0,0,0,1,1,0,0,0
165,0,1,0,1,0,0,0,1,1,1,1,1,0,1,0
166,1,1,0,0,1,1,1,1,1,1,1,1,1,1,1
167,1,1,0,0,1,1,0,1,1,0,1,1,0,1,1
168,1,1,0,0,1,1,1,1,1,0,1,1,0,1,1
169,1,0,0,0,1,0,0,1,1,1,1,0,0,1,0
170,1,1,0,0,0,0,0,1,1,0,1,0,1,0,1
171,1,1,0,0,1,0,1,1,1,0,1,1,0,1,1
172,1,1,0,0,1,1,1,1,1,0,1,0,0,1,0
173,1,1,0,1,0,0,0,0,1,1,1,0,1,1,1
174,1,1,1,0,1,1,0,1,1,1,1,1,0,1,1
175,0,1,0,0,0,0,0,1,1,0,0,1,0,0,0
176,1,1,0,0,1,1,0,1,0,0,1,0,0,1,1
177,1,1,0,0,0,0,0,0,1,1,1,0,1,0,1
178,1,1,1,0,1,1,0,1,1,0,1,1,0,1,1
179,1,1,0,0,1,1,1,1,1,1,1,1,0,0,1
180,1,1,0,1,1,1,0,1,1,1,1,1,1,1,1
181,1,1,0,0,1,0,0,1,1,0,1,1,1,1,0
182,1,1,0,0,0,1,0,1,1,0,1,0,0,1,1
183,1,1,1,0,1,0,0,1,1,0,1,0,0,1,1
184,1,1,1,1,0,1,1,1,0,0,1,0,0,1,0
185,1,1,1,0,1,0,0,1,1,1,1,1,1,1,1
186,1,1,0,0,0,1,0,1,0,0,1,0,1,1,1
187,1,1,0,0,0,0,0,1,0,1,1,1,0,1,1
188,1,1,0,0,0,1,0,1,0,0,1,1,0,1,0
189,1,1,0,0,1,1,1,1,1,0,1,1,0,1,1
190,1,1,0,0,1,1,0,1,1,0,1,0,0,1,1
191,0,0,0,1,0,0,1,0,0,0,1,0,0,0,0
192,0,0,0,0,0,0,0,0,1,1,1,1,1,1,0
193,1,1,1,0,0,1,0,1,1,0,1,0,0,1,1
194,1,1,1,0,1,0,0,1,1,1,1,1,1,1,0
195,1,1,1,1,1,1,0,1,1,1,1,0,1,1,1
196,1,1,1,1,1,0,0,1,1,0,1,0,1,1,0
197,1,1,0,0,0,1,0,1,1,0,1,0,0,1,1
198,0,1,0,0,0,1,0,1,1,0,1,1,1,1,0
199,1,1,0,0,1,0,1,1,1,1,1,0,1,1,0
200,1,1,0,0,1,1,1,1,1,1,1,1,1,1,1
201,0,0,0,0,0,1,0,1,0,0,1,0,0,1,1
202,1,1,0,0,0,0,1,1,0,1,1,1,1,0,1
203,1,1,0,0,1,1,0,1,0,0,1,1,0,1,1
204,1,1,0,0,1,1,1,1,1,1,1,1,1,1,1
205,1,1,1,1,1,1,0,1,1,1,1,1,1,1,1
206,1,1,1,0,0,1,0,1,1,1,1,0,0,1,1
207,0,1,0,0,1,0,0,1,1,0,0,1,0,1,0
208,0,1,0,1,0,1,0,1,1,1,1,0,1,1,0
209,0,0,0,1,0,0,0,0,1,1,0,1,1,1,0
210,1,1,0,1,1,1,1,1,1,1,1,1,1,1,1
211,1,1,0,0,0,0,0,1,1,1,1,1,0,1,1
212,0,1,0,0,1,0,1,1,1,0,1,0,0,1,0
213,1,1,0,0,1,1,0,1,0,0,1,1,0,0,1
214,1,1,0,0,1,1,0,1,1,0,1,0,1,1,1
215,0,0,0,0,1,0,1,0,0,0,0,1,0,0,0
216,1,1,0,0,0,1,0,0,1,0,1,0,1,1,1
217,1,1,0,0,0,1,0,0,0,0,1,1,1,0,0
218,1,0,1,1,1,0,0,1,1,1,1,1,1,1,1
219,0,1,0,0,0,0,0,1,0,0,0,1,0,1,0
220,1,1,0,0,1,0,1,1,1,1,1,1,1,1,0
221,1,1,0,0,1,1,0,1,1,1,1,1,0,1,1
222,0,0,0,0,0,0,0,0,1,0,0,1,0,0,0
223,1,1,0,0,1,1,0,1,1,0,1,0,0,1,1
224,1,1,0,0,1,0,0,1,1,0,1,1,0,1,1
225,0,1,0,1,1,1,0,1,1,1,1,1,1,1,1
226,0,0,1,1,1,0,1,1,1,1,1,1,1,1,0
227,0,1,0,0,1,0,0,1,1,1,0,1,1,1,0
228,0,0,0,1,0,0,0,1,1,1,0,1,1,1,0
229,0,0,0,0,0,0,0,1,1,1,1,1,1,1,0
230,1,1,0,0,0,1,1,1,1,0,1,0,0,1,1
231,1,1,0,0,0,1,0,1,0,1,1,0,0,0,1
232,0,1,0,1,0,0,0,1,1,1,0,1,1,1,0
233,1,1,1,1,0,0,0,1,1,1,1,1,1,1,0
234,1,1,0,1,1,1,1,1,1,1,1,1,1,1,1
235,1,1,0,0,1,1,1,1,1,0,1,0,1,1,0
236,0,0,0,0,0,0,0,1,1,1,0,1,0,0,0
237,1,1,1,1,1,1,1,1,1,1,1,1,1,1,1
238,0,0,0,0,1,0,0,1,1,1,0,0,0,1,0
239,1,1,0,0,1,0,0,1,1,0,1,1,0,1,1
240,0,0,0,0,0,0,0,1,1,1,1,1,1,1,0
241,1,1,0,0,1,1,0,1,1,0,1,0,1,1,1
242,1,1,0,0,0,1,0,1,0,0,1,1,1,1,1
243,1,0,1,0,1,1,1,1,1,1,1,1,1,1,1
244,1,0,0,0,1,0,0,1,1,0,1,0,0,1,0
245,1,1,0,0,1,1,1,1,1,1,1,1,1,1,1
246,1,0,1,0,1,1,0,1,1,1,1,1,0,1,1
247,1,0,0,0,1,0,0,1,1,0,1,1,0,1,0
248,1,1,0,0,1,1,1,1,1,1,1,1,1,1,0
249,1,1,0,1,1,1,0,1,1,1,1,0,1,1,1
250,1,1,0,0,1,1,0,1,1,1,1,1,1,1,1
251,0,1,0,1,1,0,0,0,0,0,1,0,0,0,0
252,1,1,0,1,1,1,0,1,1,0,1,1,1,1,1
253,0,1,0,0,0,0,0,0,0,0,0,0,0,0,0
254,1,1,0,1,1,0,0,1,0,0,1,1,0,0,1
255,1,1,0,1,1,1,0,1,1,1,1,1,0,1,1
256,1,1,0,1,1,1,1,1,1,1,1,1,1,1,1
257,1,1,0,1,1,1,0,0,0,0,1,1,0,0,1
258,1,1,0,0,1,1,1,1,1,1,1,1,1,1,0
259,1,1,0,1,1,1,1,1,1,1,1,1,1,1,1
260,1,1,0,0,1,0,1,1,0,0,1,0,0,1,0
261,0,0,0,0,0,1,0,0,0,0,1,0,0,0,0
262,1,1,1,0,1,1,0,1,1,0,1,0,0,1,1
263,0,0,0,0,1,0,0,1,0,0,0,1,0,1,0
264,0,1,0,0,1,0,0,1,0,0,0,0,0,1,0
265,1,1,0,0,1,0,0,1,1,0,1,1,1,0,1
266,0,0,1,0,0,0,0,1,0,0,1,0,0,1,0
267,1,1,0,1,0,1,0,0,1,1,1,0,0,1,1
268,1,0,0,0,0,1,0,1,0,0,1,1,0,1,1
269,1,0,0,1,1,1,1,1,1,1,1,1,0,1,1
270,1,1,0,1,1,1,0,1,1,0,1,1,1,1,1
271,1,1,0,0,0,1,0,1,0,1,1,0,0,0,1
272,0,1,0,0,1,0,0,0,1,0,1,0,0,1,1
273,1,0,1,1,1,1,0,1,1,1,1,1,1,1,0
274,0,0,0,0,0,0,0,1,0,0,0,0,0,0,0
275,1,1,0,0,0,0,0,0,1,0,1,1,0,0,1
276,1,1,0,0,1,1,1,1,1,0,1,1,1,1,1
277,0,0,0,1,0,0,0,1,1,1,0,1,1,1,0
278,1,1,0,0,1,1,0,1,1,1,1,1,1,1,0
279,1,1,0,0,0,0,0,1,1,0,1,1,0,1,1
280,1,0,0,0,1,0,0,1,1,0,1,1,0,1,1
281,1,1,0,1,0,1,0,1,0,0,1,1,0,1,1
282,1,1,0,0,1,0,0,1,1,0,1,0,1,1,0
283,1,1,1,0,1,1,0,0,1,0,1,1,0,1,0
284,1,1,0,1,1,1,1,1,1,1,1,1,1,1,1
285,1,1,0,1,0,1,0,1,1,1,1,0,1,1,1
286,1,1,1,1,1,1,1,1,1,0,1,1,1,1,1
287,1,1,0,0,1,1,0,1,1,1,1,1,1,1,1
288,0,1,1,0,1,0,0,1,1,0,1,0,0,1,1
289,1,1,0,0,0,1,0,1,0,0,1,1,0,1,1
290,1,0,0,0,1,0,0,1,1,1,1,1,1,1,1
291,0,1,0,0,0,1,0,1,0,0,1,0,1,1,0
292,1,1,0,0,0,1,0,0,1,0,0,1,1,1,1
293,0,1,1,0,0,0,0,1,1,0,0,0,0,1,0
294,0,0,0,0,0,0,0,1,0,0,0,0,0,1,0
295,1,0,1,1,1,0,0,1,1,1,1,1,1,1,1
296,1,1,0,1,1,1,0,1,1,1,1,0,1,1,1
297,1,1,0,0,0,1,0,0,1,0,1,0,0,1,1
298,0,0,0,0,0,0,0,0,0,0,1,1,0,1,0
299,1,1,1,0,1,1,0,0,1,0,1,1,0,1,1
300,1,0,0,0,1,0,0,1,1,0,1,0,0,1,0
301,1,1,1,1,1,0,0,1,1,1,1,1,0,1,1
302,1,1,0,1,1,1,0,1,1,1,1,1,1,1,1
303,1,1,0,0,0,1,1,0,0,0,1,1,0,0,1
304,1,1,0,1,1,1,0,1,1,1,1,1,1,1,1
305,1,1,0,0,0,1,1,1,0,0,1,1,0,0,1
306,1,1,0,0,1,1,0,1,1,0,1,0,0,1,1
307,1,0,1,0,1,0,1,1,1,0,1,0,0,1,1
308,1,1,0,0,1,0,0,1,1,0,1,1,1,1,0
309,0,0,0,0,0,0,1,1,0,0,1,0,0,0,0
310,1,1,0,1,1,1,0,1,1,1,1,1,0,1,0
311,0,0,1,1,1,1,1,1,1,1,1,1,1,1,0
312,1,1,0,1,0,1,0,1,1,1,1,1,1,1,1
313,1,1,0,0,0,1,1,1,0,0,1,0,0,1,1
314,1,1,0,0,0,1,0,1,1,1,1,1,1,1,1
315,0,1,0,1,0,0,1,1,0,1,0,0,0,1,0
316,1,1,0,0,0,1,0,0,0,0,1,1,0,0,1
317,1,1,0,0,0,1,0,1,0,1,1,1,1,0,1
318,1,1,0,0,0,1,0,1,1,0,1,1,0,1,1
319,1,1,1,1,1,1,0,1,1,1,1,1,1,1,1
320,1,1,0,0,1,1,0,1,1,0,1,1,0,1,1
321,1,1,0,0,0,1,0,1,1,0,1,1,0,0,1
322,1,1,0,0,0,1,0,1,0,0,1,1,0,1,1
323,1,1,1,0,0,1,1,1,1,0,1,1,0,1,1
324,1,1,0,0,1,1,0,1,1,1,1,1,0,1,1
325,1,1,0,0,0,1,1,1,0,0,1,1,0,0,1
326,1,1,0,0,1,1,1,1,0,0,1,1,1,1,1
327,1,1,0,0,0,1,0,1,1,0,1,1,0,1,1
328,0,1,0,1,1,0,0,1,1,1,0,1,1,1,0
329,1,1,0,0,0,1,0,1,0,1,1,1,1,1,1
330,0,1,0,0,0,1,0,1,1,0,1,0,0,0,0
331,1,1,0,1,1,1,0,1,1,1,1,1,1,1,1
332,1,1,0,0,1,0,1,1,1,0,1,0,0,1,1
333,1,1,1,0,1,0,0,1,1,1,1,1,0,1,1
334,0,0,1,0,0,0,0,1,1,1,0,0,0,1,0
335,1,1,0,0,1,1,0,1,1,1,1,1,1,1,1
336,1,1,0,0,1,0,1,1,1,1,1,1,1,1,1
337,0,0,0,0,0,0,1,1,1,0,0,0,0,0,0
338,1,1,0,0,1,0,0,1,1,1,1,1,1,1,1
339,1,1,0,0,1,0,0,1,1,0,1,0,0,1,0
340,0,0,0,0,0,0,0,1,1,1,1,1,1,1,0
341,0,1,0,0,0,1,0,1,1,1,1,0,1,0,1
342,0,0,0,0,1,0,0,0,0,0,1,1,1,0,0
343,1,0,0,0,1,0,0,1,1,1,1,1,1,1,0
344,1,0,1,0,1,0,1,1,1,1,1,0,0,1,1
345,1,1,0,0,0,0,0,1,0,1,1,1,0,0,1
346,1,1,0,1,1,0,0,1,1,0,1,0,0,1,0
347,1,1,1,0,1,1,1,1,1,0,1,1,1,1,1
348,0,0,0,0,0,0,0,1,0,0,1,0,0,0,0
349,1,1,0,0,1,1,0,1,1,1,1,1,1,1,1
350,1,1,0,1,1,1,0,1,1,1,1,1,1,1,1
351,1,1,0,1,0,1,0,1,0,0,1,1,0,0,1
352,1,1,0,0,0,1,0,1,1,0,1,1,0,0,1
353,1,1,0,0,0,0,1,1,0,1,1,1,0,0,1
354,0,1,0,0,0,0,0,1,0,1,1,1,0,1,0
355,1,1,1,1,1,1,1,1,1,1,1,1,1,1,1
356,1,1,1,1,1,1,0,1,1,1,1,1,1,1,1
357,1,1,0,0,0,1,0,1,0,0,1,1,0,0,1
358,1,1,0,0,1,1,0,1,1,1,1,1,1,1,1
359,1,0,0,1,0,1,0,1,1,0,1,1,0,1,1
360,0,1,0,1,1,1,0,1,1,1,1,1,1,1,0
361,1,1,1,0,0,1,0,1,1,0,1,0,0,0,0
362,1,0,1,1,1,0,1,1,1,0,1,1,1,1,0
363,1,1,0,0,0,1,0,1,1,1,1,1,0,1,1
364,1,0,0,0,1,0,1,1,1,0,1,1,1,1,1
365,0,1,0,0,0,0,0,1,1,1,0,1,1,1,0
366,1,1,0,1,0,0,0,1,0,0,0,0,0,1,1
367,1,1,0,0,0,1,0,0,0,0,1,1,0,1,0
368,1,0,1,0,1,0,0,1,1,1,1,0,0,1,0
369,1,1,0,0,1,1,0,1,0,1,1,1,0,1,1
370,1,1,0,0,1,1,1,1,1,0,1,0,0,1,1
371,0,0,0,0,1,0,0,1,1,0,1,0,1,1,0
372,1,0,1,0,1,0,0,1,1,1,1,1,1,1,0
373,1,1,0,1,1,0,0,1,1,0,1,1,0,1,0
374,1,1,1,0,1,1,1,1,1,0,1,0,0,1,1
375,1,1,0,1,0,0,0,1,1,1,1,1,1,1,1
376,1,0,0,0,1,0,0,1,1,0,1,1,0,1,1
377,1,1,0,1,1,0,0,1,1,0,1,1,1,1,1
378,0,0,0,0,1,0,1,0,1,0,0,0,1,0,0
379,1,1,0,0,1,1,0,1,1,0,1,1,0,1,1
380,1,1,0,0,0,1,0,0,0,0,1,1,1,1,1
381,0,0,0,1,0,0,0,0,1,1,0,1,1,1,0
382,1,1,0,0,1,1,0,0,1,0,1,0,0,0,0
383,0,1,0,0,1,0,0,1,0,1,1,0,0,1,1
384,1,1,1,0,1,1,1,1,1,1,1,1,0,1,1
385,1,1,1,0,1,1,0,1,1,0,1,1,0,1,1
386,0,1,0,1,1,1,0,1,1,1,0,1,1,1,0
387,1,1,0,1,1,1,1,1,1,1,1,1,1,1,1
388,1,1,0,0,0,1,0,0,0,1,1,0,1,0,1
389,1,1,0,0,1,1,0,1,1,0,1,1,0,1,1
390,1,1,1,0,1,1,1,1,1,0,1,0,0,1,1
391,1,1,0,0,1,1,1,1,1,0,1,1,0,1,1
392,0,1,0,0,1,0,0,1,1,0,0,0,0,0,0
393,1,1,0,0,0,1,1,0,1,0,1,1,0,0,1
394,1,1,0,0,1,1,1,1,1,0,1,0,0,1,1
395,0,1,0,0,0,0,0,1,1,1,1,1,1,1,0
396,1,1,1,1,0,1,1,1,1,1,1,1,1,1,1
397,1,0,1,0,1,0,1,1,1,1,1,0,0,1,0
398,1,1,0,0,0,1,0,1,0,0,1,1,0,1,1
399,1,1,0,0,1,1,0,1,1,0,1,1,1,1,0
400,1,1,0,0,1,1,0,1,1,1,1,1,1,1,1
401,1,1,0,0,1,1,0,1,1,0,1,1,1,1,0
402,0,1,0,0,0,0,1,1,0,0,1,0,0,1,0
403,1,1,1,0,1,1,0,1,1,0,1,1,0,1,1
404,1,0,0,1,1,1,0,1,1,1,1,1,1,1,1
405,1,1,0,0,1,1,0,1,1,0,1,1,0,1,1
406,1,1,0,1,1,0,0,1,1,1,1,1,1,1,1
407,1,0,0,1,1,0,0,1,1,1,1,1,1,1,1
408,1,1,1,1,1,0,0,1,1,1,1,1,1,1,1
409,0,1,0,0,1,1,0,0,0,1,0,1,0,1,0
410,0,0,0,1,0,0,0,1,1,0,1,1,1,1,0
411,1,0,0,0,1,0,0,1,1,0,1,0,0,1,0
412,0,0,1,1,0,0,0,1,1,0,1,1,1,1,0
413,0,1,0,0,0,0,0,1,0,1,0,1,0,0,1
414,1,1,1,0,0,1,0,0,0,1,1,0,0,0,1
415,1,1,1,0,0,1,0,0,0,0,1,1,0,1,1
416,1,1,0,1,1,1,0,1,1,1,1,1,1,1,1
417,0,1,1,0,0,1,0,1,1,0,0,0,0,0,0
418,1,0,0,0,1,1,1,1,1,1,1,0,0,1,1
419,0,1,1,0,1,1,0,1,0,0,1,1,1,1,1
420,0,1,0,0,0,0,0,1,1,0,0,0,1,0,0
421,0,1,0,0,0,0,1,0,1,1,0,0,0,0,0
422,0,0,0,0,0,0,0,0,0,0,0,0,0,1,0
423,1,0,0,1,1,1,0,1,1,0,1,1,1,1,0
424,1,1,0,0,0,0,1,0,0,0,1,0,0,1,1
425,0,1,0,1,0,0,0,1,1,1,0,0,1,1,0
426,1,0,1,0,1,1,1,1,1,0,1,0,0,1,1
427,1,1,0,0,1,0,1,1,1,0,1,1,0,1,1
428,0,1,0,0,0,0,0,1,1,0,0,0,1,1,0
429,1,1,1,0,1,1,0,1,1,0,1,1,0,1,1
430,1,1,0,0,1,1,0,1,1,0,1,1,1,1,1
431,1,1,0,0,1,0,1,1,1,0,1,1,0,1,0
432,1,0,1,0,1,0,0,1,1,0,1,0,1,1,0
433,1,1,1,0,1,1,1,1,1,0,1,1,0,1,1
434,1,1,0,0,0,1,0,0,0,1,1,1,1,1,1
435,0,0,0,0,0,0,0,1,1,0,1,1,1,1,0
436,1,1,0,0,1,1,0,1,1,0,1,0,0,1,1
437,1,1,0,1,1,1,0,1,1,1,1,1,1,1,1
438,1,1,1,0,1,0,0,1,1,0,1,1,0,1,1
439,0,0,0,1,0,0,0,1,1,1,0,1,1,1,0
440,1,0,1,1,1,0,0,1,1,1,1,1,1,1,0
441,0,1,1,1,0,1,0,1,1,1,1,1,0,1,1
442,1,0,0,0,0,0,1,0,0,0,1,0,0,1,0
443,1,0,1,0,1,1,1,1,1,1,1,0,1,1,1
444,1,0,0,0,1,1,0,0,0,0,0,1,0,0,1
445,0,1,0,0,0,1,0,0,0,0,0,0,1,1,0
446,1,1,0,0,1,1,1,1,1,1,1,1,1,1,1
447,1,1,0,1,1,0,0,1,1,0,1,1,1,1,1
448,0,1,1,0,1,1,0,1,0,0,1,1,1,0,1
449,1,1,0,0,0,1,0,1,0,0,1,1,0,1,1
450,0,1,0,0,0,0,0,0,0,0,1,0,0,1,1
451,0,0,0,0,1,0,1,1,1,1,1,1,1,1,0
452,1,0,0,0,1,1,0,1,1,0,1,0,0,1,1
453,1,1,1,1,1,1,0,1,1,1,1,1,1,1,1
454,0,1,0,0,0,1,0,1,1,1,1,1,1,1,1
455,1,1,0,0,0,0,0,1,0,0,1,1,1,0,1
456,0,1,1,0,0,1,0,0,0,0,1,0,0,0,1
457,1,1,0,1,1,0,1,1,1,1,1,1,1,1,1
458,1,1,0,0,0,0,0,1,1,1,1,1,1,1,1
459,0,0,0,1,0,0,0,1,1,1,0,1,1,1,0
460,0,0,1,1,1,0,1,1,1,1,1,1,1,1,0
461,1,1,0,1,0,1,0,1,0,1,1,1,1,1,0
462,1,0,0,1,1,0,0,1,1,1,1,1,1,1,0
463,1,1,0,0,1,1,0,1,1,0,1,1,1,1,1
464,1,1,0,0,1,1,0,1,1,0,1,1,1,1,0
465,1,1,0,1,1,1,0,1,1,1,1,1,1,1,1
466,1,1,1,0,1,1,0,1,1,1,1,1,0,1,0
467,0,0,0,1,0,0,0,1,1,0,0,0,0,1,0
468,1,0,0,0,1,0,0,1,1,1,1,1,0,1,0
469,1,0,1,0,1,0,0,1,1,1,1,0,1,1,0
470,1,1,0,1,1,1,1,1,1,0,1,1,1,1,0
471,0,0,0,0,0,0,0,0,0,0,0,0,0,1,0
472,0,1,1,0,0,0,0,1,1,0,0,1,0,1,0
473,1,1,0,1,1,1,1,1,1,1,1,1,1,1,1
474,0,1,0,0,0,0,0,1,1,1,1,1,1,1,0
475,1,1,1,1,1,1,0,1,1,0,1,1,0,1,1
476,0,0,0,0,0,0,0,0,1,1,0,1,0,1,0
477,0,0,0,0,0,0,0,0,0,0,0,0,1,0,0
478,1,1,0,0,1,0,0,0,1,0,1,1,0,1,1
479,1,1,1,0,1,0,1,1,1,0,1,0,0,1,1
480,1,1,0,0,1,1,0,1,1,1,1,1,1,1,1
481,0,1,0,0,0,0,0,1,0,0,1,1,0,1,0
482,0,0,0,0,0,0,0,1,0,1,1,1,0,1,0
483,0,1,0,0,0,0,0,1,1,0,1,0,0,0,1
484,0,0,0,1,0,0,0,0,1,0,0,1,0,0,0
485,1,1,1,0,1,1,1,1,1,1,1,1,0,1,0
486,1,1,0,0,0,1,1,1,0,0,1,0,0,1,1
487,1,1,0,0,1,0,0,1,1,0,1,1,0,1,1
488,1,1,0,0,0,1,0,1,1,0,1,1,0,0,1
489,1,1,0,0,0,0,0,0,0,0,1,1,0,0,1
490,1,1,0,0,1,1,1,1,1,0,1,0,1,1,1
491,1,1,0,0,0,1,0,1,1,1,1,1,1,1,1
492,1,1,1,1,1,1,0,1,1,1,1,1,1,1,1
493,1,1,0,1,0,1,1,1,1,1,1,1,0,1,1
494,1,1,1,0,1,1,0,1,1,0,1,1,0,1,1
495,1,0,0,0,1,1,0,1,1,0,1,0,1,1,1
496,0,0,0,0,0,0,0,1,0,1,1,0,0,0,0
497,1,1,0,1,1,1,0,1,1,1,1,1,1,1,1
498,1,1,0,0,0,1,1,1,0,1,1,1,1,0,1
499,1,1,0,1,0,1,1,1,1,0,1,1,1,1,1
500,1,1,1,0,1,1,1,1,1,0,1,1,0,1,1
501,1,1,1,0,1,0,1,1,1,1,1,1,1,1,1
502,1,1,0,0,0,1,1,0,0,0,1,1,0,1,1
503,0,0,0,1,1,0,0,1,1,0,1,1,1,1,0
504,1,1,1,0,1,0,0,1,1,0,1,1,0,1,1
505,1,1,0,0,0,1,0,0,1,1,1,0,0,1,1
506,0,0,0,0,1,1,0,0,0,0,1,0,0,1,0
507,1,1,0,1,1,1,0,1,1,1,1,1,1,1,0
508,1,1,1,1,1,0,0,1,1,1,1,0,0,1,0
509,1,1,1,0,1,1,0,1,1,0,1,1,1,1,1
510,0,1,0,0,0,0,0,0,0,0,0,0,0,1,0
511,1,1,1,1,1,0,1,1,1,1,1,1,1,1,1
512,0,1,0,0,1,1,1,0,1,1,1,1,1,1,1
513,1,1,0,0,0,0,0,0,1,0,1,1,0,0,1
514,1,0,0,1,1,0,0,1,1,1,1,1,1,1,0
515,1,1,0,0,1,0,0,1,1,0,1,1,1,1,1
516,1,0,0,0,1,1,1,1,1,1,1,1,1,1,1
517,1,1,1,1,1,1,1,1,1,1,1,1,1,1,1
518,0,0,0,1,1,1,0,1,1,1,0,0,1,1,0
519,0,0,0,0,0,0,0,0,0,0,0,0,0,1,1
520,1,1,1,0,1,1,0,1,1,0,1,1,0,1,1
521,1,1,0,0,0,1,0,1,1,1,1,1,1,1,1
522,1,1,0,0,0,1,0,1,0,1,1,1,0,1,1
523,1,1,0,0,0,1,0,0,0,0,1,1,0,1,0
524,0,1,0,0,0,1,0,1,0,0,1,0,0,0,1
525,1,1,0,0,1,1,1,1,1,1,1,1,1,1,1
526,1,1,0,0,1,1,0,1,1,0,1,1,1,1,1
527,1,1,1,0,0,1,1,1,1,0,1,1,0,1,1
528,0,0,0,0,0,0,0,1,0,0,0,0,0,0,0
529,1,0,0,1,1,0,0,1,1,0,1,0,1,1,0
530,1,1,1,0,1,1,0,1,1,1,1,1,1,1,1
531,0,1,0,0,1,0,0,1,0,0,1,0,0,1,0
532,0,1,0,0,0,0,1,0,1,0,1,0,0,1,1
533,1,0,0,0,1,1,1,1,1,0,1,0,1,1,1
534,0,0,0,0,0,0,0,1,1,1,0,1,1,0,0
535,0,0,0,0,1,0,0,1,0,1,0,0,0,0,0
536,1,0,1,0,1,0,0,1,1,1,1,0,1,1,0
537,1,1,1,0,1,0,0,1,1,0,1,0,0,1,1
538,0,1,0,0,0,0,0,0,1,1,0,0,0,1,0
539,1,1,0,0,1,0,0,0,1,1,1,1,1,1,1
540,1,1,0,1,1,1,0,1,1,1,1,1,1,1,1
541,1,1,0,0,1,1,0,1,1,1,1,1,0,1,1
542,0,1,0,0,1,0,1,0,0,0,1,0,0,1,0
543,1,1,0,0,0,1,0,1,1,0,1,1,0,1,0
544,0,0,0,0,0,1,0,0,1,1,0,1,1,1,0
545,1,1,0,0,0,1,1,1,1,0,1,0,1,1,1
546,1,0,1,0,1,1,0,1,1,1,1,1,1,1,1
547,1,1,1,0,1,1,1,1,1,0,1,0,0,1,1
548,0,1,0,0,0,0,0,1,1,1,0,0,0,1,0
549,0,1,0,1,0,0,0,0,0,0,0,1,1,0,0
550,1,1,0,1,1,1,0,1,1,1,1,1,1,1,1
551,0,0,0,1,0,0,0,1,1,0,0,0,1,1,0
552,0,1,0,1,1,0,0,1,1,1,1,1,1,1,0
553,1,1,0,0,1,1,1,1,1,1,1,1,0,1,1
554,1,1,0,0,1,1,0,1,1,1,1,0,1,1,1
555,1,1,1,0,1,0,0,1,1,0,1,1,0,1,1
556,1,1,0,0,0,1,0,1,1,1,1,1,0,1,1
557,1,1,0,1,1,1,1,1,1,0,1,1,0,1,1
558,1,1,0,1,1,1,0,1,1,1,1,1,1,1,1
559,0,0,0,0,0,0,0,0,0,0,0,0,1,0,0
560,1,1,0,0,1,1,1,1,1,1,1,1,0,1,1
561,1,1,0,1,1,1,1,1,1,1,1,0,1,1,1
562,0,0,0,0,1,0,1,1,1,1,1,1,1,1,1
563,1,1,0,0,1,1,1,1,1,0,1,0,0,1,1
564,0,1,0,0,0,0,0,1,1,1,1,1,1,1,0
565,1,1,0,1,1,1,0,1,1,1,1,0,1,1,1
566,1,1,0,0,1,1,0,1,1,0,1,1,0,1,1
567,1,1,1,0,0,1,0,1,1,0,1,1,0,1,1
568,1,1,0,0,1,1,0,0,0,0,1,0,0,0,1
569,0,1,0,0,0,0,0,1,1,1,1,1,1,1,0
570,1,1,1,0,1,0,1,1,1,1,1,1,0,1,0
571,1,1,0,0,1,1,1,1,1,1,1,1,1,1,1
572,0,0,0,0,0,1,0,0,0,0,0,0,0,0,1
573,1,0,0,1,1,0,1,1,1,1,1,1,0,1,1
574,1,1,0,0,1,0,1,1,1,1,1,1,1,1,1
575,1,1,0,1,0,1,0,1,1,0,1,0,1,1,1
576,1,1,0,0,0,1,0,1,1,1,1,1,1,1,1
577,1,1,0,0,0,1,0,1,0,0,1,1,0,0,1
578,1,1,0,0,1,0,0,1,0,0,1,0,0,1,1
579,1,1,1,0,1,1,1,1,1,1,1,1,0,1,1
580,1,1,0,0,1,1,0,1,1,1,1,1,1,1,1
581,0,1,0,0,0,0,0,1,0,0,1,1,0,0,0
582,1,1,0,1,1,1,1,1,1,1,1,0,1,1,1
583,1,1,0,0,1,1,1,1,1,0,1,0,0,1,1
584,1,1,0,1,1,1,0,0,1,1,1,1,1,1,1
585,1,1,1,0,1,0,0,1,1,1,1,1,0,0,1
586,1,1,0,0,1,0,1,1,1,1,1,1,1,1,0
587,1,1,0,0,1,1,0,1,1,0,1,1,0,1,1
588,1,1,0,0,1,1,1,1,1,0,1,1,0,1,1
589,0,0,0,0,1,1,0,0,0,0,0,0,0,1,0
590,1,1,0,0,0,1,0,0,0,0,1,1,1,0,1
591,0,0,0,0,0,0,1,0,1,0,0,0,1,1,0
592,1,1,0,0,1,0,0,1,1,0,1,0,0,1,0
593,1,1,0,1,1,1,0,1,1,1,1,1,1,1,1
594,0,1,0,0,0,0,1,1,0,0,0,1,0,0,1
595,1,1,0,0,0,1,0,1,1,0,1,1,1,1,0
596,0,0,0,0,0,0,1,1,1,0,0,0,1,0,0
597,1,0,0,0,1,0,1,1,1,1,1,0,1,1,0
598,1,0,1,0,0,0,0,1,0,0,0,0,0,0,0
599,1,1,0,1,0,1,0,1,1,1,1,1,1,1,1
600,1,1,0,0,0,1,0,1,0,0,1,1,0,0,1
601,1,1,0,0,1,1,1,1,1,1,1,0,0,1,1
602,0,1,0,0,0,0,1,0,1,1,1,0,0,1,0
603,0,1,0,0,0,0,0,1,0,0,1,1,0,0,0
604,1,1,0,0,0,1,0,0,1,0,1,0,0,0,0
605,1,1,0,1,0,0,1,1,1,1,1,0,1,1,1
606,1,1,0,1,0,1,0,0,1,0,1,1,0,0,1
607,0,0,0,0,0,0,1,1,1,0,0,0,1,1,0
608,1,1,0,1,1,1,0,1,1,1,1,1,1,1,1
609,1,1,0,0,0,1,0,1,1,0,1,1,0,1,0
610,1,1,1,0,1,0,1,1,1,0,1,0,0,1,1
611,1,1,1,0,0,1,0,1,1,1,1,1,1,1,0
612,0,0,0,0,0,1,1,0,0,0,0,0,0,0,0
613,1,1,0,1,1,1,0,1,1,0,1,1,1,1,1
614,1,1,0,0,1,1,1,1,1,0,1,1,0,1,0
615,1,0,0,1,1,0,1,1,1,0,1,1,1,1,1
616,0,0,0,0,0,1,1,1,0,0,0,1,0,1,0
617,1,1,0,0,0,1,0,1,1,1,1,1,1,1,1
618,1,1,1,0,1,1,0,1,1,0,1,1,1,1,0
619,1,1,0,0,0,0,0,1,1,1,1,1,1,1,1
620,1,1,0,1,0,0,0,1,1,0,1,1,1,1,1
621,1,1,0,0,1,1,1,1,1,1,1,1,1,1,1
622,0,0,1,0,1,0,1,1,1,1,0,1,1,1,1
623,0,1,0,0,0,1,0,1,0,0,1,0,1,1,0
624,1,1,1,0,1,1,0,1,1,0,1,1,0,1,1
625,1,1,0,0,0,1,0,1,1,1,1,1,1,1,1
626,1,1,0,0,1,1,1,1,1,0,1,1,0,1,1
627,1,1,0,0,0,1,0,1,1,0,1,1,0,0,1
628,0,1,0,0,0,0,1,1,0,0,1,1,0,1,0
629,1,1,0,0,0,1,0,1,0,1,1,0,0,1,1
630,1,1,0,1,1,1,1,1,1,1,1,1,1,1,0
631,1,0,0,0,1,1,1,1,1,0,1,0,0,1,1
632,1,1,0,0,1,0,0,1,1,1,1,1,1,1,1
633,1,1,0,0,1,1,0,1,1,1,1,0,1,1,1
634,1,1,0,0,1,1,0,1,1,1,1,1,1,1,1
635,1,1,0,0,1,1,0,1,1,0,1,0,0,1,1
636,0,0,1,0,0,0,0,1,1,0,0,0,0,1,0
637,0,1,0,0,1,0,0,1,1,0,1,0,0,1,1
638,0,0,0,1,0,0,1,1,1,1,0,1,1,1,0
639,0,0,1,0,0,0,0,1,0,0,0,1,0,0,0
640,1,1,0,0,0,1,0,1,1,1,1,0,0,0,1
641,1,1,0,0,0,1,1,1,0,0,1,0,0,1,1
642,1,1,0,0,1,1,0,1,1,0,1,1,1,1,1
643,1,1,0,0,1,1,1,1,1,1,1,1,0,1,1
644,1,1,1,0,1,0,0,1,1,0,1,1,1,1,0
645,1,0,0,0,0,0,0,0,0,0,1,0,0,1,0
646,1,1,0,1,1,0,0,1,1,0,1,1,1,1,1
647,0,1,1,0,0,0,1,0,0,1,0,0,0,1,0
648,0,0,0,0,0,0,1,1,0,0,0,0,0,0,0
649,1,0,0,0,0,1,0,1,0,0,1,0,0,0,1
650,1,1,0,0,1,1,1,0,0,1,1,1,0,0,1
651,1,1,0,0,1,1,1,1,1,1,1,1,0,1,1
652,1,1,0,0,1,1,0,1,1,1,1,1,0,1,1
653,1,1,0,0,0,1,1,0,1,0,1,1,0,0,0
654,1,1,0,0,0,1,1,1,0,0,1,0,0,0,1
655,1,0,1,1,1,0,1,1,1,1,1,1,1,1,0
656,1,1,0,1,1,0,1,1,1,1,1,1,1,1,1
657,1,0,0,1,1,0,0,1,1,1,1,1,1,1,0
658,1,1,0,0,1,1,1,1,1,1,1,1,1,1,1
659,0,0,0,0,0,0,0,1,1,1,0,1,1,1,0
660,1,1,0,1,1,1,0,1,1,1,1,1,1,1,1
661,0,0,0,0,0,0,0,1,0,0,1,0,1,0,0
662,1,1,0,1,1,1,0,0,0,1,0,1,0,1,1
663,1,1,0,1,1,0,1,1,1,0,1,1,1,1,1
664,0,0,0,0,1,1,1,1,1,1,1,1,1,1,0
665,1,1,0,0,1,1,0,1,1,0,1,1,1,1,1
666,0,1,0,0,0,0,0,1,0,1,0,0,0,1,0
667,1,1,0,0,0,1,0,1,1,0,0,1,0,1,1
668,1,1,0,1,1,1,0,1,1,1,1,0,1,1,1
669,0,1,0,0,1,0,1,1,1,1,1,1,0,1,0
670,0,1,0,0,0,0,0,1,1,0,1,1,1,1,0
671,1,1,0,0,1,1,0,1,1,0,1,1,0,1,1
672,0,1,1,0,0,1,0,1,0,0,1,1,0,0,1
673,1,1,1,0,1,1,0,1,1,1,1,1,1,1,1
674,1,1,0,1,0,1,0,1,1,1,1,0,1,1,1
675,1,1,0,0,1,0,1,1,1,0,1,0,0,1,1
676,1,1,0,0,1,1,0,1,1,1,1,1,1,1,1
677,0,1,1,0,0,1,0,1,0,0,0,1,1,1,0
678,1,0,1,1,1,0,1,1,1,0,1,1,1,1,0
679,0,0,0,0,1,0,0,0,1,1,0,0,0,0,0
680,0,0,0,0,1,0,0,1,1,1,1,1,0,1,0
681,0,1,0,0,0,0,0,0,0,0,1,0,1,0,0
682,1,1,0,0,0,1,0,0,1,0,1,0,0,1,1
683,1,1,0,0,1,1,0,1,0,1,1,1,0,1,1
684,1,1,1,1,1,1,1,1,1,0,1,1,1,1,1
685,1,1,0,0,0,1,0,1,0,0,1,1,0,0,1
686,1,1,1,1,1,0,0,1,1,1,1,1,1,1,1
687,1,1,0,1,1,1,0,1,1,1,1,0,1,1,1
688,1,0,1,1,1,0,1,1,1,1,1,0,1,1,0
689,0,0,1,1,1,0,1,1,1,0,1,1,1,1,0
690,0,0,0,0,0,0,0,1,1,1,0,1,1,1,0
691,1,1,0,0,1,1,1,1,1,1,1,1,1,1,1
692,1,1,0,0,1,1,1,1,1,0,1,0,1,1,1
693,1,1,0,0,1,0,1,1,1,0,1,0,1,1,1
694,1,1,1,0,0,1,0,0,0,0,1,0,0,1,1
695,1,1,0,1,1,0,0,1,1,1,1,1,1,1,1
696,1,1,1,0,1,1,0,1,1,0,1,0,0,1,1
697,1,1,1,0,0,0,0,1,0,0,1,1,0,1,1
698,0,0,0,0,1,0,0,0,1,0,1,0,0,0,0
699,1,1,0,0,1,0,0,1,1,1,1,1,1,1,1
700,1,1,0,0,0,1,0,0,0,0,1,1,1,0,1
701,0,0,0,1,0,0,0,1,1,1,1,1,1,1,0
702,1,1,0,0,1,1,1,1,1,0,1,1,0,1,1
703,1,1,0,0,1,0,1,1,1,1,1,0,1,1,0
704,1,1,0,0,1,1,1,1,1,0,1,1,0,1,1
705,0,0,0,0,0,0,0,1,0,0,1,0,0,1,0
706,1,1,0,0,0,1,0,1,1,0,1,1,0,1,0
707,1,1,0,0,0,1,0,0,0,0,1,1,0,0,1
708,0,0,0,0,0,0,0,0,0,1,0,0,0,0,0
709,1,1,0,0,0,0,1,0,0,0,1,1,0,0,1
710,1,1,0,0,1,1,0,1,1,0,1,1,0,1,1
711,1,1,1,1,1,0,0,1,1,1,1,0,1,1,0
712,1,1,0,0,0,1,1,1,0,0,1,1,1,1,1
713,1,0,0,0,1,0,0,1,1,0,1,1,1,1,1
714,1,1,0,0,1,1,0,1,1,1,1,1,0,1,1
715,1,1,0,0,0,1,0,1,1,1,0,1,0,1,1
716,1,1,0,0,0,1,0,1,0,0,1,1,0,1,1
717,0,1,0,1,0,0,0,1,1,1,0,1,1,1,1
718,1,1,0,0,1,1,0,1,1,0,1,1,1,1,0
719,0,0,0,0,0,1,0,1,0,0,1,0,0,0,0
720,1,1,0,1,1,1,1,1,1,0,1,1,1,1,1
721,0,0,0,0,0,0,0,1,1,1,0,1,1,1,0
722,1,1,0,0,1,0,0,1,1,0,1,1,1,1,0
723,1,0,0,1,0,1,1,1,1,1,1,1,0,1,1
724,0,0,0,0,0,0,0,0,0,0,1,1,0,1,0
725,0,1,0,1,0,0,0,1,1,1,0,1,1,1,0
726,0,1,0,1,1,1,0,0,0,0,1,1,0,0,1
727,1,1,0,0,0,1,0,0,0,0,1,1,0,1,1
728,0,0,0,0,0,1,0,1,0,1,1,1,0,1,1
729,1,0,0,0,1,1,1,1,1,1,1,0,1,1,1
730,1,1,1,0,0,1,0,1,0,0,1,1,1,0,1
731,1,1,0,0,1,0,0,1,1,0,1,1,1,1,1
732,1,0,0,0,0,0,0,1,0,0,0,0,0,0,0
733,1,1,1,1,1,1,0,1,1,1,1,1,1,1,1
734,0,1,1,1,0,0,0,1,1,1,0,1,1,1,0
735,1,1,0,0,1,0,1,1,1,0,1,0,0,1,1
736,1,1,0,0,0,1,0,1,1,0,1,1,0,0,1
737,1,1,0,0,0,1,0,1,0,1,1,1,1,1,0
738,1,1,0,0,1,0,0,1,1,1,1,1,1,1,1
739,1,1,0,0,0,1,0,0,0,0,1,1,1,1,1
740,1,0,0,1,1,1,0,1,1,0,1,0,1,1,0
741,1,1,1,0,0,0,0,1,0,0,1,1,1,0,1
742,0,0,0,0,0,1,0,1,1,1,1,1,1,1,0
743,1,0,0,1,1,0,1,1,1,1,1,1,1,1,0
744,1,1,0,0,0,1,0,1,0,0,0,1,1,1,1
745,1,0,0,0,1,0,0,1,1,0,1,0,1,1,0
746,1,1,0,0,1,1,0,1,1,0,1,1,0,1,1
747,0,1,1,0,0,0,0,1,0,0,0,0,0,0,0
748,1,1,0,0,0,1,0,0,1,0,1,1,0,1,1
749,1,0,0,1,1,0,1,1,1,1,1,1,1,1,0
750,1,1,0,1,0,1,0,1,1,0,1,1,1,1,1
751,0,1,0,0,0,0,0,1,0,0,0,1,0,1,0
752,1,0,1,0,1,1,1,1,1,0,1,1,0,1,0
753,1,1,1,0,0,1,0,1,1,1,1,1,0,1,1
754,0,0,0,1,0,0,0,1,1,1,0,1,1,0,0
755,0,1,0,0,0,1,0,1,0,0,0,0,0,1,0
756,0,1,0,0,0,0,0,0,0,0,0,0,0,1,0
757,1,1,0,0,1,1,1,0,1,1,1,1,0,1,1
758,0,0,1,0,1,0,0,0,0,1,1,1,0,0,0
759,1,0,0,0,1,0,1,1,1,0,1,1,1,1,1
760,0,1,0,0,0,0,1,1,1,0,0,1,0,0,0
761,0,1,0,1,0,1,0,1,1,1,1,1,1,1,1
762,1,1,0,1,1,1,0,1,1,0,1,1,1,1,1
763,1,1,0,0,0,1,0,0,1,1,0,1,0,0,1
764,1,1,1,1,1,1,1,1,1,1,1,1,0,1,1
765,0,0,0,0,0,0,0,0,0,0,1,0,0,1,0
766,1,0,0,1,0,0,0,1,1,1,1,1,1,1,0
767,1,0,0,0,1,0,0,1,1,1,1,0,0,1,0
768,0,0,0,0,0,0,0,1,1,1,0,1,1,0,0
769,1,1,0,0,0,1,0,1,1,1,1,1,1,1,1
770,1,0,0,0,1,0,0,1,1,0,1,1,1,1,0
771,1,1,1,0,0,1,0,0,0,0,1,0,0,0,1
772,1,1,0,1,1,1,1,1,1,1,1,1,1,1,1
773,0,1,0,0,0,1,0,1,0,1,0,0,0,0,1
774,1,1,0,0,1,0,1,1,1,0,1,1,0,0,1
775,0,0,1,1,0,1,0,1,1,1,0,1,0,1,0
776,1,1,0,0,1,1,1,1,1,0,1,1,0,1,1
777,0,0,0,0,0,0,0,1,0,0,1,1,0,1,0
778,1,1,0,0,1,1,1,1,1,0,1,1,0,1,1
779,0,1,0,0,1,0,1,1,1,1,1,0,1,1,0
780,0,1,0,1,0,0,1,1,1,0,1,1,1,1,0
781,1,1,0,0,1,0,1,1,1,0,1,1,1,1,1
782,1,1,0,0,1,0,1,1,1,0,1,0,0,1,1
783,1,1,0,1,0,1,1,1,1,0,1,0,1,1,1
784,1,1,0,1,0,1,0,1,1,0,1,1,1,1,1
785,1,0,0,0,1,0,0,1,1,1,1,0,1,1,1
786,1,1,0,0,0,1,0,1,1,0,1,1,0,1,1
787,0,1,0,0,1,0,0,1,1,0,1,0,0,1,0
788,1,1,0,1,0,1,0,1,1,1,1,1,1,1,1
789,1,1,0,0,1,1,0,1,1,1,1,1,0,1,1
790,1,1,1,0,1,1,1,1,1,0,1,1,1,1,1
791,1,1,0,1,1,1,0,1,1,0,1,1,1,1,1
792,0,0,1,0,0,1,0,1,0,0,1,0,0,0,0
793,1,1,1,1,1,0,0,1,1,1,1,0,1,1,1
794,1,1,0,0,1,1,0,1,1,0,1,0,0,1,1
795,1,1,0,0,0,1,0,1,0,1,1,1,0,0,1
796,1,1,0,1,0,1,1,1,1,0,1,1,1,1,1
797,0,0,0,0,0,0,1,0,0,0,0,1,0,1,0
798,1,1,0,0,0,0,0,1,0,0,1,0,0,0,1
799,0,0,0,0,0,0,0,0,0,0,0,0,0,1,0
800,1,0,1,0,0,1,1,0,1,0,1,1,1,0,1
801,1,1,0,0,1,1,0,1,1,0,1,1,0,1,1
802,1,1,1,0,0,1,1,0,0,0,1,1,0,1,1
803,0,0,0,0,0,1,1,1,0,1,0,1,1,1,0
804,1,1,0,0,1,0,0,1,1,0,1,1,0,1,1
805,1,1,0,0,0,0,1,1,1,1,1,1,1,1,1
806,1,0,1,0,1,1,1,1,1,1,1,0,0,1,1
807,0,1,1,0,0,0,0,0,1,0,1,1,0,1,1
808,1,0,1,1,1,1,1,1,1,0,1,0,1,1,1
809,1,1,0,0,1,1,0,1,1,1,1,1,1,1,0
810,1,1,0,0,0,1,0,1,0,1,1,1,0,1,1
811,0,1,0,0,0,0,1,0,0,0,0,0,0,1,0
812,1,1,0,0,0,1,0,1,1,0,1,1,1,1,1
813,0,1,0,0,0,0,0,1,1,1,0,0,0,0,0
814,1,1,1,0,0,1,1,1,1,1,1,1,1,0,1
815,1,1,0,1,1,1,1,1,1,1,1,0,1,1,1
816,0,1,0,1,1,0,0,1,1,0,1,0,1,1,0
817,1,1,0,1,0,1,0,1,1,0,1,1,1,1,1
818,1,1,0,0,1,0,1,1,1,0,1,1,0,1,0
819,1,1,0,0,1,1,1,1,1,0,1,1,0,1,1
820,1,0,0,0,1,0,1,1,1,0,1,0,0,1,0
821,1,1,1,0,1,0,0,1,1,1,1,1,1,1,1
822,1,1,1,1,1,1,1,1,1,0,1,1,1,1,1
823,1,1,0,0,1,1,1,1,1,0,1,0,0,1,0
824,1,1,0,1,1,1,1,1,1,1,1,1,1,1,1
825,1,1,1,0,1,1,0,1,1,1,1,1,1,1,1
826,1,1,0,0,0,1,0,1,1,0,1,0,0,1,1
827,1,1,0,1,1,0,0,1,1,1,1,1,1,1,0
828,0,0,0,0,0,0,1,0,0,0,0,1,0,0,0
829,1,1,0,1,1,0,1,1,1,0,1,1,1,1,1
830,0,1,0,0,0,1,0,1,1,1,1,1,1,1,1
831,1,1,1,0,1,1,1,1,1,0,1,1,0,1,1
832,0,0,1,0,1,0,0,1,1,1,1,1,1,1,0
833,1,1,0,0,1,1,1,1,1,0,1,1,0,1,1
834,1,1,1,0,1,1,0,1,1,0,1,0,1,1,1
835,1,1,0,1,1,1,0,1,1,0,1,1,1,1,1
836,0,0,0,0,0,0,0,0,1,0,1,0,0,1,1
837,1,1,0,0,0,1,0,1,1,0,1,1,0,0,1
838,0,1,0,0,0,0,1,0,1,1,1,1,1,1,1
839,0,0,1,0,0,0,0,1,1,1,0,1,1,1,0
840,1,1,0,1,1,1,0,1,1,1,1,1,1,1,1
841,1,0,0,0,1,0,0,1,1,1,1,1,0,1,1
842,1,1,0,1,1,0,1,1,1,1,1,1,1,1,1
843,0,0,0,0,0,0,0,1,0,0,1,1,0,0,0
844,1,1,0,1,0,1,0,1,1,0,1,1,1,1,1
845,0,1,0,0,0,0,0,1,1,0,0,1,0,0,0
846,0,1,1,0,0,1,0,0,0,1,1,0,1,1,1
847,1,1,0,0,0,1,0,0,0,1,1,1,0,0,1
848,1,1,0,1,1,0,0,1,1,1,0,1,1,1,0
849,1,1,1,1,1,0,1,1,1,0,1,0,0,1,1
850,0,0,0,0,1,1,0,0,0,0,0,0,0,0,0
851,0,0,0,0,0,0,0,0,0,1,0,0,0,0,0
852,1,1,0,0,1,0,1,1,1,1,1,1,0,1,0
853,1,1,1,1,1,1,0,1,1,1,1,1,1,1,1
854,1,1,0,1,1,1,1,1,1,0,1,1,1,1,0
855,1,1,0,0,1,1,0,1,1,0,1,1,0,1,1
856,1,1,0,0,1,1,0,0,0,1,1,1,0,0,1
857,1,1,0,0,1,0,1,1,1,1,1,1,1,1,0
858,1,1,0,1,1,1,0,1,1,0,1,1,1,1,0
859,1,1,0,0,0,1,0,0,0,1,1,0,0,0,1
860,1,1,1,0,1,1,0,1,1,1,1,0,1,1,1
861,0,0,0,0,0,1,0,1,0,0,0,1,0,1,0
862,0,1,0,0,0,0,0,1,0,0,1,1,0,0,1
863,0,0,0,0,1,0,0,1,0,0,0,1,0,0,0
864,1,0,0,0,1,0,1,1,1,1,1,0,0,1,0
865,1,0,0,1,1,0,1,1,1,0,1,0,1,1,0
866,0,0,1,1,1,0,0,1,1,1,0,1,1,1,0
867,1,1,0,0,1,1,1,1,1,1,1,1,0,1,1
868,0,0,0,1,0,0,1,1,0,0,0,0,0,1,0
869,0,0,0,1,0,0,1,1,1,0,0,0,1,1,0
870,0,0,0,0,1,0,0,1,1,1,1,1,1,1,0
871,1,1,0,1,1,1,0,1,1,1,1,1,1,1,1
872,1,1,1,0,1,0,1,1,1,1,1,1,1,1,1
873,1,1,1,0,1,1,0,1,1,0,1,0,0,1,1
874,1,1,0,1,0,1,0,1,0,1,1,0,0,1,1
875,1,1,0,0,0,1,0,1,0,0,1,0,1,1,1
876,0,0,0,0,0,1,0,1,1,0,1,0,0,0,0
877,0,0,0,0,1,0,0,1,1,1,1,1,1,1,0
878,1,1,1,0,1,0,0,1,1,1,1,0,1,1,0
879,1,1,0,0,1,1,1,1,1,1,1,1,1,0,1
880,1,1,0,1,1,0,1,1,1,1,1,1,1,1,1
881,0,1,0,0,0,1,0,0,0,1,1,1,0,0,1
882,1,1,0,0,1,0,1,1,1,1,1,0,1,1,0
883,1,1,0,0,0,0,0,1,0,0,0,1,1,1,0
884,0,1,0,0,0,0,0,1,1,1,0,0,1,1,0
885,1,1,1,0,0,1,0,1,0,1,1,1,0,1,1
886,1,1,0,0,1,1,0,1,1,0,1,1,0,1,1
887,1,1,1,1,1,1,1,1,1,0,1,1,1,1,1
888,0,1,0,0,0,0,0,1,1,1,1,1,1,1,0
889,0,1,0,1,0,1,0,1,1,0,0,1,1,1,0
890,1,1,0,0,0,1,0,1,1,0,1,0,0,0,0
891,1,1,1,1,1,1,0,1,1,1,1,1,0,1,1
892,1,1,0,0,0,1,1,0,0,0,1,1,0,0,0
893,0,1,0,0,1,0,0,1,1,1,1,0,1,0,0
894,1,1,0,0,1,1,1,1,1,0,1,0,0,1,1
895,1,1,0,0,1,0,0,1,1,0,1,1,0,1,1
896,1,1,0,0,1,0,0,1,1,0,1,1,1,1,0
897,0,1,0,0,0,0,0,0,0,0,0,1,0,1,0
898,1,1,0,1,1,1,0,1,1,1,1,1,1,1,1
899,1,1,0,1,1,0,0,1,1,0,1,1,1,1,1
900,1,1,1,1,1,0,0,1,1,1,1,1,1,1,1
901,1,1,0,0,1,0,1,1,1,1,1,1,1,1,1
902,1,1,0,0,0,1,0,0,0,0,1,0,0,0,1
903,1,1,0,0,0,1,0,1,1,0,1,1,1,1,1
904,1,1,0,0,1,1,0,1,1,0,1,1,0,1,1
905,1,1,1,0,1,1,1,1,1,0,1,0,1,1,1
906,1,1,1,1,1,0,1,1,1,1,1,0,1,1,0
907,0,0,0,0,0,0,0,1,0,1,1,0,0,1,0
908,1,1,0,0,0,1,0,1,1,1,1,1,1,1,1
909,1,1,0,0,1,0,1,1,0,0,1,1,1,1,1
910,1,1,0,1,1,1,1,1,1,0,1,1,0,1,1
911,1,1,0,0,0,0,1,0,0,0,1,1,0,1,1
912,1,1,0,0,1,1,1,1,1,0,1,0,1,1,1
913,1,0,1,1,1,0,1,1,1,1,1,0,1,1,0
914,1,1,0,1,1,0,0,1,1,1,1,1,1,1,1
915,1,1,0,1,1,1,0,1,1,1,1,1,1,1,1
916,0,0,1,0,1,1,0,1,1,1,1,0,1,1,0
917,0,1,0,1,0,1,0,0,1,0,1,1,0,1,1
918,1,1,1,0,0,1,0,1,1,0,1,0,1,0,1
919,0,0,0,0,0,0,0,0,1,0,0,0,0,1,0
920,1,1,1,0,1,1,0,1,1,0,1,1,0,1,1
921,1,1,0,1,0,0,1,1,1,1,0,0,1,1,1
922,1,1,0,0,0,1,0,1,0,1,1,0,0,1,1
923,1,0,0,0,1,1,1,0,1,1,1,0,0,1,0
924,1,1,1,0,1,1,1,1,1,0,1,1,0,1,0
925,0,0,0,0,1,1,0,0,1,0,1,0,0,0,0
926,0,0,0,1,0,1,0,1,1,1,0,0,1,1,0
927,1,0,1,0,1,0,0,1,1,0,1,0,0,1,0
928,1,1,0,0,0,1,0,1,1,1,1,1,0,1,1
929,1,1,0,1,1,1,0,1,1,0,1,0,1,1,1
930,0,1,0,0,0,0,0,0,1,0,1,1,1,0,0
931,0,0,0,0,0,0,0,1,1,0,1,1,0,0,0
932,1,1,1,0,1,0,0,1,1,0,1,0,1,1,1
933,1,1,0,0,1,1,0,0,0,0,1,1,0,1,1
934,1,1,1,1,1,0,1,1,1,1,1,1,1,1,1
935,1,0,1,0,1,0,0,1,1,1,1,1,0,1,0
936,0,0,0,0,0,0,0,0,0,0,0,0,0,0,0
937,0,0,0,0,0,0,0,0,0,0,0,0,1,1,1
938,1,1,0,1,0,1,0,0,1,1,0,1,0,1,1
939,0,1,1,0,0,0,1,1,1,0,0,0,0,0,0
940,1,1,0,1,0,1,1,0,1,0,1,1,0,0,1
941,1,1,0,0,1,1,0,1,1,0,1,1,0,1,1
942,1,1,1,0,1,0,1,1,1,0,1,1,0,1,1
943,1,1,0,1,1,1,1,1,1,1,1,0,0,1,1
944,1,1,0,0,1,1,0,1,0,1,1,1,0,1,1
945,1,0,0,1,1,0,0,1,1,1,1,0,1,1,0
946,0,0,0,0,0,0,0,1,1,0,0,0,0,0,0
947,0,1,0,0,1,0,1,1,1,0,0,0,0,1,0
948,1,1,0,0,0,1,0,1,1,0,1,1,1,1,1
949,1,0,0,0,1,1,1,1,1,0,1,0,1,1,1
950,0,0,1,0,0,0,0,0,0,1,1,1,0,1,0
951,1,1,0,0,1,1,0,1,1,1,1,0,1,1,0
952,1,0,0,1,1,0,1,1,1,1,1,1,1,1,0
953,1,0,0,0,1,0,0,1,1,0,1,1,0,1,1
954,0,0,0,1,0,1,1,1,1,0,0,1,1,1,0
955,1,1,1,0,1,1,1,1,1,0,1,1,1,1,1
956,0,1,0,0,1,0,0,1,1,0,0,1,0,0,0
957,1,1,1,0,1,1,0,1,1,1,1,0,1,1,1
958,1,1,0,0,1,1,0,1,1,0,1,0,0,1,1
959,1,0,0,0,1,0,1,1,1,1,1,1,1,1,0
960,1,1,0,0,1,0,1,1,1,1,1,0,0,1,1
961,1,1,0,1,1,1,0,0,1,1,1,1,1,1,1
962,1,0,1,1,1,0,1,1,1,1,1,0,1,1,0
963,1,0,1,1,1,0,1,1,1,1,1,0,1,1,0
964,1,1,0,1,1,1,1,1,1,1,1,1,1,1,0
965,0,1,0,1,0,1,1,1,1,1,0,0,1,1,0
966,1,0,0,0,0,1,0,0,1,0,1,1,0,1,1
967,0,0,0,1,0,0,0,1,1,1,0,0,1,1,0
968,0,0,0,0,1,0,0,1,1,1,0,1,1,1,0
969,1,0,0,0,1,1,1,1,1,0,1,1,0,1,1
970,1,0,1,1,1,0,0,1,1,1,1,1,1,1,0
971,1,1,0,0,0,1,0,1,0,0,1,1,0,0,1
972,1,1,0,0,0,1,0,1,0,1,1,1,1,1,1
973,1,1,0,1,0,1,0,1,1,1,1,1,1,1,1
974,1,1,0,0,0,1,0,0,0,0,1,0,0,1,1
975,1,1,0,0,1,1,1,1,1,1,1,1,1,1,1
976,1,0,0,0,0,1,0,0,0,0,1,1,0,1,1
977,1,1,0,1,1,0,0,1,1,1,1,0,1,1,1
978,1,1,0,0,1,0,1,0,1,0,1,0,0,1,0
979,1,1,0,0,0,0,0,1,0,0,1,1,0,0,1
980,0,0,0,0,0,0,1,1,0,0,1,0,0,1,0
981,1,1,1,0,1,1,0,1,1,1,1,1,0,1,1
982,1,1,1,1,1,1,0,1,1,1,1,0,1,1,1
983,1,1,0,0,1,1,1,1,0,1,1,1,1,1,1
984,1,0,1,0,1,1,0,1,1,1,1,1,1,1,1
985,1,1,0,0,0,1,1,0,0,0,1,1,0,1,1
986,1,1,0,0,0,1,1,1,1,0,1,1,1,0,1
987,0,0,0,0,0,0,0,0,0,0,0,1,0,1,0
988,1,1,0,0,0,1,0,0,1,0,1,0,0,0,1
989,1,0,0,1,1,1,0,1,1,0,1,1,1,1,1
990,1,1,0,0,1,1,0,1,1,0,1,1,0,1,1
991,1,1,0,0,1,1,1,1,1,0,1,0,0,1,1
992,0,1,0,0,1,1,0,1,1,0,0,1,1,1,0
993,1,1,1,0,1,0,1,1,1,0,1,1,1,1,1
994,1,1,0,0,1,0,1,1,1,0,1,0,0,1,0
995,1,0,1,0,1,0,0,1,1,1,1,0,1,1,0
996,1,1,0,0,0,0,0,0,0,0,1,1,0,0,1
997,1,1,0,0,0,1,0,1,1,1,1,1,1,1,0
998,1,0,0,0,1,0,0,1,1,0,1,1,0,1,0
999,1,1,0,1,0,1,0,1,1,1,1,1,1,1,1
1000,1,1,0,0,0,1,0,1,0,0,1,1,0,1,1
